Date,Open,Close,Predicted_Open,%_error
01-01-2020,521.8990021,518.8540039,519.6522067,0.43%
02-01-2020,518.128956,522.5755615,523.3622049,-1.01%
03-01-2020,520.0623359,520.8839722,521.6758697,-0.31%
06-01-2020,519.3373814,508.1724854,509.0038656,1.99%
07-01-2020,513.5856864,505.4657898,506.3055772,1.42%
08-01-2020,498.7957984,508.4140625,509.2446924,-2.09%
09-01-2020,513.005721,528.0855713,528.8551002,-3.09%
10-01-2020,526.7323523,522.2373657,523.0250595,0.70%
13-01-2020,521.4157081,520.642334,521.4349821,0.00%
14-01-2020,518.3223725,519.6756592,520.4713098,-0.41%
15-01-2020,517.2589803,517.7423096,518.5439653,-0.25%
16-01-2020,516.099082,519.2407227,520.0377242,-0.76%
17-01-2020,516.6790555,514.31073,515.1230445,0.30%
20-01-2020,515.2290392,517.017334,517.8212416,-0.50%
21-01-2020,515.1807914,513.3441162,514.159433,0.20%
22-01-2020,513.7790398,505.4174194,506.2573571,1.46%
23-01-2020,504.0158665,510.1058044,510.9311797,-1.37%
24-01-2020,511.6040533,516.0506592,516.8575693,-1.03%
27-01-2020,520.5456034,519.3372803,520.1339819,0.08%
28-01-2020,520.1589344,510.5890503,511.4129246,1.68%
29-01-2020,513.8274839,509.042511,509.8711889,0.77%
30-01-2020,510.0574644,514.4557495,515.2676135,-1.02%
31-01-2020,512.3290871,508.1241455,508.9556759,0.66%
03-02-2020,487.1959744,498.3608704,499.2227262,-2.47%
04-02-2020,502.662515,513.102417,513.9184846,-2.24%
05-02-2020,511.4107035,521.1256104,521.9167573,-2.05%
06-02-2020,522.3339132,523.5422363,524.3258771,-0.38%
07-02-2020,522.9139281,518.5639648,519.3630685,0.68%
10-02-2020,520.6906458,516.1473389,516.9539487,0.72%
11-02-2020,519.7723898,521.7540283,522.5432234,-0.53%
12-02-2020,527.6022297,530.9855347,531.7460561,-0.79%
13-02-2020,530.6956107,522.9623413,523.7477833,1.31%
14-02-2020,523.2039492,527.6022339,528.3732641,-0.99%
17-02-2020,524.8955819,523.5422363,524.3258771,0.11%
18-02-2020,522.9623571,523.1557007,523.9405421,-0.19%
19-02-2020,525.3789757,526.6356201,527.4096527,-0.39%
20-02-2020,527.3122801,528.7622681,529.5296951,-0.42%
24-02-2020,521.5122998,512.184021,513.0029412,1.63%
25-02-2020,514.6974245,513.2474365,514.0630537,0.12%
26-02-2020,509.2840443,506.2391052,507.0764907,0.43%
27-02-2020,505.3690988,498.1674805,499.029937,1.25%
28-02-2020,484.8759916,480.6710205,481.5878222,0.68%
02-03-2020,491.3042317,489.2259216,490.1161512,0.24%
03-03-2020,492.8509031,497.5875244,498.4517823,-1.14%
04-03-2020,500.2458298,491.4009094,492.2843833,1.59%
05-03-2020,492.7542487,487.6792908,488.5743243,0.85%
06-03-2020,468.8294349,470.1344299,471.0839589,-0.48%
09-03-2020,459.162837,442.4879761,443.5233768,3.41%
11-03-2020,434.996401,450.1246033,451.1362841,-3.71%
12-03-2020,423.3964923,411.458252,412.5900331,2.55%
13-03-2020,387.6301225,432.2897644,433.3568415,-11.80%
16-03-2020,410.0565813,389.4667358,390.6668241,4.73%
17-03-2020,393.4300505,355.0053711,356.3124987,9.43%
18-03-2020,356.7937306,343.2121582,344.5559163,3.43%
19-03-2020,324.8939721,327.2622681,328.6555676,-1.16%
20-03-2020,317.0640202,334.1738892,335.5457207,-5.83%
23-03-2020,300.7758109,274.5310364,276.0881226,8.21%
24-03-2020,285.4542558,286.6142578,288.1338128,-0.94%
25-03-2020,274.5310442,306.3341064,307.7924102,-12.12%
26-03-2020,311.2640502,319.2389832,320.6572035,-3.02%
27-03-2020,343.9371393,328.5189514,329.9083476,4.08%
30-03-2020,319.0940486,302.9508362,304.4196486,4.60%
31-03-2020,313.8740565,312.955719,314.3934556,-0.17%
01-04-2020,308.3641251,300.7758484,302.2514165,1.98%
03-04-2020,299.1808039,277.0926514,278.6417811,6.87%
07-04-2020,298.0208451,315.2273865,316.6580671,-6.25%
08-04-2020,312.0857279,308.3157654,309.767914,0.74%
09-04-2020,321.3173241,331.2739258,332.6547648,-3.53%
13-04-2020,329.6789153,319.6256714,321.0426907,2.62%
15-04-2020,331.2739469,316.43573,317.8626574,4.05%
16-04-2020,314.4540192,330.597229,331.9801699,-5.57%
17-04-2020,349.9304133,363.0286255,364.3108323,-4.11%
20-04-2020,363.4636474,349.2537537,350.5787461,3.55%
21-04-2020,329.6305957,320.785675,322.1990913,2.25%
22-04-2020,315.1306977,324.7489624,326.1500684,-3.50%
23-04-2020,328.9055836,341.1821594,342.5322228,-4.14%
24-04-2020,326.6339354,323.6856384,325.0900472,0.47%
27-04-2020,327.9872669,336.3005371,337.6657632,-2.95%
28-04-2020,341.9554883,347.8521118,349.1814579,-2.11%
29-04-2020,341.2304893,358.0986938,359.3962134,-5.32%
30-04-2020,369.2636052,367.4752808,368.743676,0.14%
04-05-2020,347.0304403,326.7789307,328.1737315,5.43%
05-05-2020,336.3972213,319.8190308,321.2354495,4.51%
06-05-2020,320.4473281,330.0172424,331.4019848,-3.42%
07-05-2020,325.7639425,325.5222778,326.9209819,-0.36%
08-05-2020,332.53055,326.4406128,327.8364644,1.41%
11-05-2020,329.6306083,309.475769,310.9243146,5.67%
12-05-2020,307.6874196,310.4907532,311.9361461,-1.38%
13-05-2020,332.0472319,326.7789307,328.1737315,1.17%
14-05-2020,318.997327,316.4840088,317.9107863,0.34%
15-05-2020,318.320689,311.9407654,313.3816545,1.55%
18-05-2020,309.3307684,288.5476074,290.0611573,6.23%
19-05-2020,296.8125127,290.2875671,291.7957125,1.69%
20-05-2020,289.030954,295.4592285,296.9513104,-2.74%
21-05-2020,295.7975141,294.2508545,295.7466897,0.02%
22-05-2020,290.9642112,281.3459473,282.8818659,2.78%
26-05-2020,286.1792617,282.940979,284.4719434,0.60%
27-05-2020,286.2275753,308.2190552,309.6715042,-8.19%
28-05-2020,311.5057568,315.9523926,317.3808213,-1.89%
29-05-2020,312.1340465,320.8823242,322.2954403,-3.26%
01-06-2020,327.6973002,327.9389648,329.3301625,-0.50%
02-06-2020,325.7639421,336.783844,338.1475689,-3.80%
03-06-2020,345.9670976,344.9521179,346.2904716,-0.09%
04-06-2020,345.0971488,336.2522278,337.6176039,2.17%
05-06-2020,338.3304826,345.2904358,346.6277386,-2.45%
08-06-2020,354.3287179,347.803772,349.1332682,1.47%
09-06-2020,348.0454381,336.9288635,338.2921379,2.80%
10-06-2020,336.9288565,341.2304993,342.5804125,-1.68%
11-06-2020,340.6988417,329.8722534,331.2574461,2.77%
12-06-2020,313.3907351,332.7239075,334.1002428,-6.61%
15-06-2020,329.8239267,320.0606689,321.4763371,2.53%
16-06-2020,330.8389216,331.5155945,332.8956829,-0.62%
17-06-2020,327.3106075,330.5489197,331.9320106,-1.41%
18-06-2020,328.6639508,340.263855,341.6167707,-3.94%
19-06-2020,339.2971911,351.6704102,352.9878963,-4.04%
22-06-2020,354.7636987,355.2953491,356.601576,-0.52%
23-06-2020,356.6970092,363.6086121,364.8890174,-2.30%
24-06-2020,367.3302695,336.493866,337.8584915,8.02%
25-06-2020,334.3672152,339.2971802,340.6530984,-1.88%
26-06-2020,343.743822,337.4605408,338.8221638,1.43%
29-06-2020,333.738863,331.660553,333.0401911,0.21%
30-06-2020,335.4305352,339.7321777,341.0867449,-1.69%
01-07-2020,342.4388059,351.9120483,353.228784,-3.15%
02-07-2020,353.7970439,350.7520752,352.0724138,0.49%
03-07-2020,352.492043,348.9637451,350.2896384,0.62%
06-07-2020,355.5853517,349.7854004,351.1087415,1.26%
07-07-2020,350.8971091,363.5119934,364.7926988,-3.96%
08-07-2020,365.3002892,356.6487122,357.9507354,2.01%
09-07-2020,360.9986617,358.0020142,359.299834,0.47%
10-07-2020,352.7337343,348.3354492,349.663294,0.87%
13-07-2020,351.9604325,341.8105164,343.158628,2.50%
14-07-2020,339.7805001,334.0288696,335.4011516,1.29%
15-07-2020,337.8472179,334.2705688,335.6421001,0.65%
16-07-2020,336.3488655,333.1588745,334.5338588,0.54%
17-07-2020,334.4638593,342.0037842,343.3512956,-2.66%
20-07-2020,346.0637713,350.8970642,352.2169525,-1.78%
21-07-2020,358.6303325,366.1702576,367.4427063,-2.46%
22-07-2020,374.0002241,368.3936157,369.6591585,1.16%
23-07-2020,369.795244,379.1718445,380.4039094,-2.87%
24-07-2020,375.3535325,369.0702515,370.3336926,1.34%
27-07-2020,372.1635401,346.5470886,347.8804882,6.52%
28-07-2020,349.0604004,340.3604736,341.7130892,2.10%
29-07-2020,341.4238598,339.34552,340.7012881,0.21%
30-07-2020,341.6171615,333.4489136,334.8229969,1.99%
31-07-2020,334.8988757,335.2371826,336.6057115,-0.51%
03-08-2020,335.2371988,331.8055725,333.1847602,0.61%
04-08-2020,335.4305456,339.2971802,340.6530984,-1.56%
05-08-2020,341.6171565,340.4571838,341.8094991,-0.06%
06-08-2020,341.6654788,346.7887573,348.1214063,-1.89%
07-08-2020,347.4654604,346.0154724,347.3505232,0.03%
10-08-2020,347.5137555,351.4287109,352.7469479,-1.51%
11-08-2020,357.6636595,355.1020203,356.4088476,0.35%
12-08-2020,353.555383,354.6187134,355.9270419,-0.67%
13-08-2020,356.6486723,355.778656,357.0833817,-0.12%
14-08-2020,359.4036775,349.3504333,350.6751255,2.43%
17-08-2020,353.7970686,348.1904602,349.5187554,1.21%
18-08-2020,349.8337658,357.2286987,358.5289205,-2.49%
19-08-2020,361.5303239,361.965332,363.2508415,-0.48%
20-08-2020,354.7637145,355.4887085,356.7943348,-0.57%
21-08-2020,357.6637085,358.7753601,360.0707778,-0.67%
24-08-2020,362.3519572,367.6685791,368.9363739,-1.82%
25-08-2020,369.7469253,373.4685669,374.7183465,-1.34%
26-08-2020,375.2569092,376.3685608,377.6093329,-0.63%
27-08-2020,376.9485228,379.1235046,380.3557197,-0.90%
28-08-2020,380.7668155,396.0400391,397.2197102,-4.32%
31-08-2020,401.0183177,381.4434814,382.6684905,4.58%
01-09-2020,381.5401614,377.9151917,379.1511598,0.63%
02-09-2020,374.3385777,379.316864,380.5484785,-1.66%
03-09-2020,379.3168362,369.9885864,371.2491751,2.13%
04-09-2020,362.4970183,360.1286926,361.4199068,0.30%
07-09-2020,361.6270208,360.9503479,362.23901,-0.17%
08-09-2020,359.983654,363.173645,364.4554014,-1.24%
09-09-2020,358.4370094,355.3437195,356.6497961,0.50%
10-09-2020,359.3070212,358.3403625,359.6371314,-0.09%
11-09-2020,360.5636803,358.1470337,359.4444031,0.31%
14-09-2020,361.0469726,351.5737305,352.891517,2.26%
15-09-2020,351.9120778,359.1620178,360.4562346,-2.43%
16-09-2020,358.9686884,362.2070007,363.4917596,-1.26%
17-09-2020,357.6637107,356.697052,357.9989251,-0.09%
18-09-2020,357.6637069,357.2286987,358.5289205,-0.24%
21-09-2020,354.42539,339.0072021,340.3640211,3.97%
22-09-2020,342.1971742,342.5838318,343.9295415,-0.51%
23-09-2020,344.7104638,340.1188354,341.4722016,0.94%
24-09-2020,333.4489168,324.5073242,325.9091808,2.26%
25-09-2020,327.745614,337.0255432,338.3885173,-3.25%
28-09-2020,339.7804905,350.8970642,352.2169525,-3.66%
29-09-2020,351.6221024,345.1454773,346.4832304,1.46%
30-09-2020,345.0488412,342.9221802,344.266839,0.23%
01-10-2020,346.3054866,356.8904114,358.1916839,-3.43%
05-10-2020,358.3886857,360.6603394,361.9499022,-0.99%
06-10-2020,364.5269731,367.9102783,369.1773224,-1.28%
07-10-2020,366.6536248,369.8919373,371.1528262,-1.23%
08-10-2020,372.1635841,374.5802307,375.8265575,-0.98%
09-10-2020,377.6735029,388.1134033,389.3176951,-3.08%
12-10-2020,389.9984281,390.5783997,391.775035,-0.46%
13-10-2020,387.6300803,383.0384521,384.2585071,0.87%
14-10-2020,381.2018424,393.2367249,394.4251033,-3.47%
15-10-2020,393.3333981,377.9635315,379.1993495,3.59%
16-10-2020,380.863535,382.8935242,384.1140293,-0.85%
19-10-2020,388.6450985,403.1933289,404.3507814,-4.04%
20-10-2020,399.713342,400.7766724,401.9416312,-0.56%
21-10-2020,402.1299705,406.2865906,407.4344353,-1.32%
22-10-2020,402.5166672,399.1333618,400.3034249,0.55%
23-10-2020,403.096661,403.0483398,404.2062427,-0.28%
26-10-2020,404.1116214,390.9650879,392.1605222,2.96%
27-10-2020,392.8017309,396.2817078,397.4606283,-1.19%
28-10-2020,396.2333507,382.8451233,384.0657787,3.07%
29-10-2020,379.17184,386.5667725,387.7758682,-2.27%
30-10-2020,386.083491,379.5102234,380.7412373,1.38%
02-11-2020,403.0966081,403.5316162,404.688018,-0.39%
03-11-2020,410.8298725,429.0513916,430.1285273,-4.70%
04-11-2020,422.7198141,422.4781494,423.575702,-0.20%
05-11-2020,430.1630721,423.8797913,424.9729903,1.21%
06-11-2020,425.1848127,428.036438,429.1167262,-0.92%
09-11-2020,434.9963731,447.2729492,448.2934875,-3.06%
10-11-2020,469.6027094,467.7177429,468.6747783,0.20%
11-11-2020,468.587785,470.3277588,471.2766873,-0.57%
12-11-2020,465.5428351,460.8062134,461.7847165,0.81%
13-11-2020,456.9395145,469.3610535,470.3129846,-2.93%
14-11-2020,473.5177007,470.6660461,471.6139239,0.40%
17-11-2020,474.1460762,470.1827698,471.1321486,0.64%
18-11-2020,471.7293981,481.0576477,481.9732485,-2.17%
19-11-2020,473.6627207,462.7878113,463.7601594,2.09%
20-11-2020,463.5128108,464.1894836,465.1574781,-0.35%
23-11-2020,465.7361531,452.6379395,453.6418137,2.60%
24-11-2020,458.1961865,462.2561646,463.230164,-1.10%
25-11-2020,468.829434,456.9395447,457.9300579,2.32%
26-11-2020,459.2595363,459.4528503,460.4355571,-0.26%
27-11-2020,460.5161681,457.5678711,458.5564327,0.43%
01-12-2020,463.7061661,468.9261169,469.8793991,-1.33%
02-12-2020,470.1344324,464.4311523,465.3983961,1.01%
03-12-2020,466.0260885,465.7844238,466.7474643,-0.15%
04-12-2020,467.5727817,485.3109436,486.2133334,-3.99%
07-12-2020,488.1626069,493.4309082,494.3080768,-1.26%
08-12-2020,494.4458663,491.4492188,492.3325426,0.43%
09-12-2020,492.9959044,494.4458923,495.3199083,-0.47%
10-12-2020,491.159259,490.0476074,490.9352848,0.05%
11-12-2020,492.2708654,498.2641602,499.1263163,-1.39%
14-12-2020,500.8257906,508.2690735,509.1001537,-1.65%
15-12-2020,506.529127,500.7774963,501.6318459,0.97%
16-12-2020,502.7107783,495.3641968,496.2353604,1.29%
17-12-2020,496.8625147,493.3825378,494.2598567,0.52%
18-12-2020,496.8625031,499.9075012,500.7645531,-0.79%
21-12-2020,497.442542,478.0127258,478.9377843,3.72%
22-12-2020,480.7193477,483.6193237,484.5269678,-0.79%
23-12-2020,482.36266,486.8092957,487.7070314,-1.11%
24-12-2020,489.854254,496.4275208,497.2953817,-1.52%
28-12-2020,498.699236,502.7591553,503.6073497,-0.98%
29-12-2020,505.1274812,511.1690979,511.9911705,-1.36%
30-12-2020,513.9239997,511.1206665,511.9428895,0.39%
31-12-2020,512.4257213,517.2106934,518.0140004,-1.09%
01-01-2021,517.6939735,509.912384,510.7383601,1.34%
04-01-2021,514.5523837,513.9724121,514.7857774,-0.05%
05-01-2021,509.0907238,519.3372803,520.1339819,-2.17%
06-01-2021,520.7873421,528.47229,529.2406178,-1.62%
07-01-2021,533.7405227,523.0588989,523.844041,1.85%
08-01-2021,528.7622669,523.9772949,524.7595844,0.76%
11-01-2021,526.9739486,526.5389404,527.3132733,-0.06%
12-01-2021,522.9623925,529.7290039,530.4934282,-1.44%
13-01-2021,533.1122632,537.9455566,538.6844598,-1.05%
14-01-2021,535.5772279,534.8522339,535.6007451,0.00%
15-01-2021,531.6621784,524.8955688,525.6750061,1.13%
18-01-2021,526.3455743,515.3740234,516.1830352,1.93%
19-01-2021,521.029093,528.2307129,528.999791,-1.53%
20-01-2021,528.2305607,532.6288452,533.3842624,-0.98%
21-01-2021,536.4955811,534.2722778,535.0225904,0.27%
22-01-2021,534.6588807,516.0023804,516.8094405,3.34%
25-01-2021,518.6607297,520.1107178,520.9050171,-0.43%
27-01-2021,519.8689688,504.934082,505.775521,2.71%
28-01-2021,497.4425068,510.6374207,511.4611447,-2.82%
29-01-2021,515.5673148,519.0956421,519.8930943,-0.84%
01-02-2021,533.5956086,583.6685181,584.2654026,-9.50%
02-02-2021,592.5617213,596.7666626,597.3228634,-0.80%
03-02-2021,602.6150143,601.5999756,602.1411638,0.08%
04-02-2021,598.1683062,607.3515625,607.8748859,-1.62%
05-02-2021,607.3515846,593.6734009,594.2392096,2.16%
08-02-2021,601.5999407,608.6082153,609.1276355,-1.25%
09-02-2021,610.2999589,612.2332764,612.7414369,-0.40%
10-02-2021,612.2331853,611.0732422,611.5850058,0.11%
11-02-2021,605.8532987,609.623291,610.1395583,-0.71%
12-02-2021,608.8983662,626.0081787,626.4735534,-2.89%
15-02-2021,633.1614209,651.4796143,651.865873,-2.95%
16-02-2021,650.9479172,636.3996582,636.8327563,2.17%
17-02-2021,632.9680767,635.4330444,635.8691449,-0.46%
18-02-2021,628.3281556,623.1565552,623.6307872,0.75%
19-02-2021,614.3115389,603.2432861,603.7793701,1.71%
22-02-2021,601.2616492,589.5167236,590.0954433,1.86%
23-02-2021,594.2533999,595.751709,596.3110623,-0.35%
24-02-2021,594.5916694,619.7247925,620.2096838,-4.31%
25-02-2021,621.2714773,607.0615845,607.5858086,2.20%
26-02-2021,594.4949888,577.8201294,578.4351794,2.70%
01-03-2021,587.2935183,588.0668335,588.6500566,-0.23%
02-03-2021,589.6617513,590.1450806,590.7218485,-0.18%
03-03-2021,597.3950988,611.0249634,611.536877,-2.37%
04-03-2021,598.1200275,600.0533447,600.5993369,-0.41%
05-03-2021,592.7550969,589.130127,589.7100474,0.51%
08-03-2021,591.2084209,587.7767944,588.3609184,0.48%
09-03-2021,594.3500496,604.2583008,604.7912321,-1.76%
10-03-2021,607.7865752,604.7415771,605.2730074,0.41%
12-03-2021,610.3966349,592.416748,592.98646,2.85%
15-03-2021,591.4983732,583.378418,583.9762036,1.27%
16-03-2021,586.6167269,575.1135254,575.7369823,1.85%
17-03-2021,577.6268044,569.8452148,570.4850355,1.24%
18-03-2021,574.9201524,559.3085938,559.9811418,2.60%
19-03-2021,556.0220785,567.090332,567.7387095,-2.11%
22-03-2021,567.2835731,554.3303833,555.0183941,2.16%
23-03-2021,556.7954196,566.8486938,567.4978219,-1.92%
24-03-2021,560.6620298,548.5787964,549.284672,2.03%
25-03-2021,549.1587294,552.4937134,553.1874289,-0.73%
26-03-2021,565.0119453,559.2603149,559.933013,0.90%
30-03-2021,562.5953494,571.7302856,572.3642511,-1.74%
31-03-2021,566.4618863,562.6918945,563.3539339,0.55%
01-04-2021,567.9602019,574.5818481,575.2069565,-1.28%
05-04-2021,572.2619649,552.2037964,552.8984125,3.38%
06-04-2021,555.538688,547.0321045,547.7427842,1.40%
07-04-2021,547.6603748,558.3903198,559.0657201,-2.08%
08-04-2021,562.5952633,557.4719849,558.1502376,0.79%
09-04-2021,554.8136863,547.3220825,548.0318615,1.22%
12-04-2021,533.015593,520.5939941,521.3867924,2.18%
13-04-2021,522.9623276,541.9088135,542.6354065,-3.76%
15-04-2021,547.0804417,556.0220337,556.7047901,-1.76%
16-04-2021,555.4420222,548.0471191,548.7546461,1.20%
19-04-2021,531.6622367,541.0871582,541.8163033,-1.91%
20-04-2021,546.3553924,540.4587402,541.1898372,0.95%
22-04-2021,533.5955462,559.8886719,560.5594182,-5.05%
23-04-2021,550.8988224,550.9471436,551.6456629,-0.14%
26-04-2021,581.9285097,571.3919067,572.0269233,1.70%
27-04-2021,573.4702427,578.7868652,579.3989125,-1.03%
28-04-2021,578.0618459,600.6333008,601.1774916,-4.00%
29-04-2021,601.7933424,600.7300415,601.2739318,0.09%
30-04-2021,589.758415,580.4785156,581.0853085,1.47%
03-05-2021,572.7936589,576.8536377,577.4716897,-0.82%
04-05-2021,576.7569603,571.8269653,572.4606305,0.74%
05-05-2021,575.4518429,582.7017822,583.3016695,-1.36%
06-05-2021,582.701894,587.921875,588.5055483,-1.00%
07-05-2021,591.5951106,586.8584595,587.4454358,0.70%
10-05-2021,590.628363,592.8033447,593.3718559,-0.46%
11-05-2021,586.1817987,589.5167236,590.0954433,-0.67%
12-05-2021,583.0885044,574.9202271,575.5442844,1.29%
14-05-2021,572.2619139,577.3851929,578.0015938,-1.00%
17-05-2021,583.1367503,602.8082275,603.3456629,-3.47%
18-05-2021,607.0616202,612.0882568,612.5968678,-0.91%
19-05-2021,606.1916311,604.5966797,605.12856,0.18%
20-05-2021,607.109973,597.9750366,598.5274842,1.41%
21-05-2021,601.5516513,621.0298462,621.5106839,-3.32%
24-05-2021,621.8031418,625.7664185,626.2325441,-0.71%
25-05-2021,628.4247595,628.618103,629.0753711,-0.10%
26-05-2021,627.6998135,630.744812,631.1954744,-0.56%
27-05-2021,629.3913708,630.5030518,630.9544651,-0.25%
28-05-2021,636.1097437,621.6098633,622.0888995,2.20%
31-05-2021,622.2865009,640.6530151,641.072902,-3.02%
01-06-2021,642.3930349,628.4248047,628.8826732,2.10%
02-06-2021,626.8781157,626.7330933,627.1962164,-0.05%
03-06-2021,631.6630825,628.5697632,629.0271815,0.42%
04-06-2021,631.228118,621.2715454,621.7516324,1.50%
07-06-2021,623.6881589,626.5881348,627.0517081,-0.54%
08-06-2021,626.3947709,620.9815063,621.4624943,0.79%
09-06-2021,622.9149163,614.8916016,615.3915051,1.21%
10-06-2021,614.2631851,619.0481567,619.5351498,-0.86%
11-06-2021,622.5281374,614.5048828,615.0059875,1.21%
14-06-2021,614.5049781,613.9733276,614.4760834,0.00%
15-06-2021,615.1331837,623.78479,624.2570708,-1.48%
16-06-2021,623.3981874,618.7581787,619.2460724,0.67%
17-06-2021,611.9432186,611.8948975,612.404109,-0.08%
18-06-2021,611.5082547,609.3816528,609.8986707,0.26%
21-06-2021,602.0832912,610.2032471,610.717713,-1.43%
22-06-2021,613.8282464,609.8165894,610.3322562,0.57%
23-06-2021,612.6199536,603.8717041,604.4058362,1.34%
24-06-2021,606.09492,612.9098511,613.4159101,-1.21%
25-06-2021,614.8915901,627.3615112,627.8226824,-2.10%
28-06-2021,629.2947759,628.618103,629.0753711,0.03%
29-06-2021,624.7514741,618.7581787,619.2460724,0.88%
30-06-2021,617.0181674,609.8649292,610.3804459,1.08%
01-07-2021,612.8132666,609.8165894,610.3322562,0.40%
02-07-2021,611.1699291,618.9031982,619.3906415,-1.35%
05-07-2021,621.3198811,626.2498169,626.7144411,-0.87%
06-07-2021,623.6881676,628.618103,629.0753711,-0.86%
07-07-2021,629.1980842,632.1947021,632.6408611,-0.55%
08-07-2021,628.8114092,620.4981689,620.9806581,1.25%
09-07-2021,618.1782252,617.2598877,617.7524352,0.07%
12-07-2021,624.4614603,624.703125,625.1725533,-0.11%
13-07-2021,633.3063602,642.7796021,643.1928836,-1.56%
14-07-2021,639.9280218,642.199646,642.6147289,-0.42%
15-07-2021,642.9246668,645.1963501,645.6021251,-0.42%
16-07-2021,645.1963623,638.284729,638.7119719,1.01%
19-07-2021,624.1231819,634.0314331,634.4718871,-1.66%
20-07-2021,627.0231144,620.4981689,620.9806581,0.96%
22-07-2021,630.7447887,634.0797729,634.5200768,-0.60%
23-07-2021,634.0798129,654.0896606,654.4678124,-3.22%
26-07-2021,657.3278588,654.1862183,654.5640701,0.42%
27-07-2021,657.4729665,654.8629761,655.2387259,0.34%
28-07-2021,655.2979594,662.2095337,662.5624646,-1.11%
29-07-2021,671.3711881,666.5237427,666.8632733,0.67%
30-07-2021,666.0389702,661.6762695,662.0308568,0.60%
02-08-2021,663.1789125,660.6098022,660.967702,0.33%
03-08-2021,662.1610234,669.3352661,669.666064,-1.13%
04-08-2021,672.8253654,692.8453369,693.103111,-3.01%
05-08-2021,693.6693981,681.0175781,681.31209,1.78%
06-08-2021,683.5381967,676.3640137,676.6729798,1.00%
09-08-2021,676.1216666,681.4053345,681.6986419,-0.82%
10-08-2021,682.6172715,679.5149536,679.8141327,0.41%
11-08-2021,684.7016837,672.3891602,672.7104724,1.75%
12-08-2021,672.3406456,679.9511108,680.2489352,-1.18%
13-08-2021,685.4771877,683.2958374,683.5832728,0.28%
16-08-2021,680.9691146,681.2114868,681.5053964,-0.08%
17-08-2021,678.4484168,679.8057251,680.104001,-0.24%
18-08-2021,679.4663924,667.2993164,667.6364381,1.74%
20-08-2021,662.9850684,659.9312134,660.2912209,0.41%
23-08-2021,668.8989737,661.8701782,662.2241632,1.00%
24-08-2021,662.403429,673.2617188,673.5803208,-1.69%
25-08-2021,678.5938692,669.9653931,670.2942337,1.22%
26-08-2021,670.9348917,677.4789429,677.784446,-1.02%
27-08-2021,674.8613047,678.3999634,678.7026057,-0.57%
30-08-2021,683.0050064,691.8758545,692.1366398,-1.34%
31-08-2021,692.2151762,697.111084,697.3556083,-0.74%
01-09-2021,705.4002606,697.9352417,698.1772062,1.02%
02-09-2021,700.2620058,703.0250854,703.2512405,-0.43%
03-09-2021,702.6372097,702.2009277,702.4296427,0.03%
06-09-2021,703.2674234,699.1470947,699.3852951,0.55%
07-09-2021,698.9046897,695.0267334,695.2777319,0.52%
08-09-2021,694.638887,698.953125,699.1919278,-0.66%
09-09-2021,698.8077433,698.2745361,698.5154467,0.04%
13-09-2021,695.9961626,685.8165283,686.0961343,1.42%
14-09-2021,691.488076,685.8650513,686.1445065,0.77%
15-09-2021,685.5257085,692.5545044,692.8131818,-1.06%
16-09-2021,698.0320577,705.0123901,705.2323725,-1.03%
17-09-2021,710.5384743,698.1774902,698.4187022,1.71%
20-09-2021,688.3371582,688.3371582,688.6089349,-0.04%
21-09-2021,689.4521423,690.1307373,690.3969431,-0.14%
22-09-2021,693.1846464,681.8900757,682.1818775,1.59%
23-09-2021,689.3066623,695.1235962,695.3742938,-0.88%
24-09-2021,700.5528552,700.8922119,701.1249918,-0.08%
27-09-2021,702.3948001,707.7269897,707.9385404,-0.79%
28-09-2021,711.7018963,695.269104,695.5193497,2.27%
29-09-2021,685.7680529,687.852478,688.1257602,-0.34%
30-09-2021,687.9494605,679.4664307,679.7657605,1.19%
01-10-2021,671.8558995,671.225708,671.5506341,0.05%
04-10-2021,675.7823285,678.8362427,679.1375299,-0.50%
05-10-2021,671.855929,675.8308105,676.1414328,-0.64%
06-10-2021,675.3461178,668.4627686,668.7962765,0.97%
07-10-2021,676.2671205,680.7752686,681.070533,-0.71%
08-10-2021,684.4592464,681.9385986,682.2302497,0.33%
11-10-2021,680.581285,691.536499,691.7983384,-1.65%
12-10-2021,684.9440161,686.9799194,687.2559118,-0.34%
13-10-2021,692.0697291,688.2887573,688.5606844,0.51%
14-10-2021,688.5796581,705.109436,705.329117,-2.43%
18-10-2021,716.4524717,722.7056885,722.8707143,-0.90%
19-10-2021,731.9642227,724.6445923,724.8035957,0.98%
20-10-2021,723.9659476,723.0933838,723.2572054,0.10%
21-10-2021,726.0503706,732.4489746,732.5837371,-0.90%
22-10-2021,735.3574162,736.1329956,736.2563153,-0.12%
25-10-2021,775.5912169,816.0189209,815.8941095,-5.20%
26-10-2021,803.4155841,804.0942383,804.0064658,-0.07%
27-10-2021,803.4640092,809.5233154,809.4186799,-0.74%
28-10-2021,804.7727905,774.3308716,774.3355461,3.78%
29-10-2021,773.6522555,777.5786743,777.5732609,-0.51%
01-11-2021,783.0562999,779.3722534,779.3612691,0.47%
02-11-2021,784.3166431,776.5122681,776.510167,1.00%
03-11-2021,781.4081527,761.9699097,762.0129782,2.48%
04-11-2021,764.4421193,758.2373657,758.2920277,0.80%
08-11-2021,768.8048347,756.3469238,756.4074577,1.61%
09-11-2021,760.0794504,762.5516357,762.5928973,-0.33%
10-11-2021,758.6736571,757.0740356,757.132311,0.20%
11-11-2021,753.0021711,747.9123535,747.9990857,0.66%
12-11-2021,749.1241797,752.9051514,752.9763756,-0.51%
15-11-2021,753.2929929,749.7058716,749.787033,0.47%
16-11-2021,749.7058719,740.7380981,740.8471141,1.18%
17-11-2021,737.6842004,738.0719604,738.1892576,-0.07%
18-11-2021,741.5622081,739.62323,739.7357088,0.25%
22-11-2021,744.8583839,729.0557251,729.2010272,2.10%
23-11-2021,718.3429439,728.9103394,729.0560931,-1.49%
24-11-2021,727.3591268,737.0055542,737.1261636,-1.34%
25-11-2021,731.8672728,728.1347046,728.2828675,0.49%
26-11-2021,716.4524441,700.1650391,700.4000776,2.24%
29-11-2021,704.5761669,696.480957,696.7274386,1.11%
30-11-2021,694.8813019,692.5545044,692.8131818,0.30%
01-12-2021,694.5419179,705.4971313,705.7156081,-1.61%
02-12-2021,702.4917152,700.3588867,700.5933232,0.27%
03-12-2021,698.5169346,694.4450684,694.6978735,0.55%
06-12-2021,697.0626232,687.9009399,688.1740716,1.28%
07-12-2021,695.1236627,712.2351685,712.4327164,-2.49%
08-12-2021,725.0808961,730.4130859,730.554172,-0.75%
09-12-2021,735.8906522,731.9642334,732.1005015,0.52%
10-12-2021,733.418508,734.8727417,734.9999758,-0.22%
13-12-2021,739.7201525,730.994751,731.1340304,1.16%
14-12-2021,728.134777,735.5029297,735.6282064,-1.03%
15-12-2021,734.4848996,729.2981567,729.4427059,0.69%
16-12-2021,734.7758075,718.5368652,718.7148397,2.19%
17-12-2021,719.3608691,706.0788574,706.2955273,1.82%
20-12-2021,696.1900575,688.2887573,688.5606844,1.10%
21-12-2021,698.0321624,698.37146,698.6120695,-0.08%
22-12-2021,704.0914477,710.4415894,710.6447083,-0.93%
23-12-2021,716.5009062,708.9873657,709.1950015,1.02%
24-12-2021,711.5079776,704.9154053,705.1356889,0.90%
27-12-2021,701.9100766,713.5439453,713.7374281,-1.69%
28-12-2021,717.8097218,713.3500366,713.5441217,0.59%
29-12-2021,715.4829258,713.2531128,713.4474989,0.28%
30-12-2021,710.9263154,713.2531128,713.4474989,-0.35%
31-12-2021,714.0771865,717.5673828,717.7483685,-0.51%
03-01-2022,720.3787653,741.3682251,741.4752838,-2.93%
04-01-2022,744.5191314,749.2695923,749.3521088,-0.65%
05-01-2022,749.4150605,764.0058594,764.0426041,-1.95%
06-01-2022,751.4024608,761.0973511,761.1431298,-1.30%
07-01-2022,768.0292285,769.0471802,769.0682662,-0.14%
10-01-2022,775.8336096,786.0132446,785.9816329,-1.31%
11-01-2022,785.043696,785.9162598,785.8849493,-0.11%
12-01-2022,793.623685,798.6165771,798.5458186,-0.62%
13-01-2022,795.9505372,799.5376587,799.4640392,-0.44%
14-01-2022,795.9505071,794.9810181,794.9215518,0.13%
17-01-2022,794.9810223,794.3023682,794.2450099,0.09%
18-01-2022,795.9505468,797.9864502,797.9176489,-0.25%
19-01-2022,791.1030757,783.928833,783.9036956,0.91%
20-01-2022,778.4997078,785.5285034,785.4983973,-0.90%
21-01-2022,778.4996849,779.9539185,779.9411274,-0.19%
24-01-2022,788.194554,774.088501,774.0939283,1.79%
25-01-2022,764.9268579,777.190918,777.186709,-1.60%
27-01-2022,762.89094,770.40448,770.4213501,-0.99%
28-01-2022,779.2268354,757.3164063,757.3739288,2.80%
31-01-2022,764.8784182,764.7329712,764.7674574,0.01%
01-02-2022,777.5787411,785.5770264,785.5467696,-1.02%
02-02-2022,790.1335532,788.9216919,788.8810463,0.16%
03-02-2022,789.2126204,784.2682495,784.2420579,0.63%
04-02-2022,785.0922558,780.4871826,780.4727352,0.59%
07-02-2022,773.7006386,762.4061279,762.4478415,1.45%
08-02-2022,765.8963457,768.3200684,768.3434128,-0.32%
09-02-2022,772.9251944,778.3058472,778.2981751,-0.70%
10-02-2022,781.3597438,780.9234619,780.9076594,0.06%
11-02-2022,772.5372715,766.671875,766.7003389,0.76%
14-02-2022,748.4455565,730.7039185,730.8441012,2.35%
15-02-2022,729.9767161,752.3718872,752.4447678,-3.08%
16-02-2022,752.0326693,740.7380981,740.8471141,1.49%
17-02-2022,743.1133259,727.4560547,727.6063255,2.09%
18-02-2022,724.0628542,726.050354,726.204991,-0.30%
21-02-2022,723.4812082,731.4310303,731.5689546,-1.12%
22-02-2022,715.8707626,728.3771362,728.5245461,-1.77%
23-02-2022,731.5764214,721.8815308,722.0491164,1.30%
24-02-2022,691.1487177,685.8165283,686.0961343,0.73%
25-02-2022,702.8310813,707.7754517,707.9868518,-0.73%
28-02-2022,700.8920821,720.0394897,720.2127969,-2.76%
02-03-2022,695.1236096,693.0391846,693.2963565,0.26%
03-03-2022,695.705266,676.9941406,677.3011495,2.65%
04-03-2022,669.9169504,667.0569458,667.3948203,0.38%
07-03-2022,643.255985,633.8034668,634.2446288,1.40%
08-03-2022,623.6722813,644.7102051,645.1174901,-3.44%
09-03-2022,644.4194152,647.0855103,647.4854174,-0.48%
10-03-2022,672.7769702,655.9562988,656.3286527,2.44%
11-03-2022,654.065896,657.2167358,657.5851747,-0.54%
14-03-2022,657.4104663,674.90979,675.2232731,-2.71%
15-03-2022,680.0965845,676.0731812,676.3830506,0.55%
16-03-2022,685.3318401,686.3982544,686.6760535,-0.20%
17-03-2022,695.8992154,698.1290283,698.3703909,-0.36%
21-03-2022,699.0016556,689.0643921,689.33391,1.38%
22-03-2022,687.0284397,696.2870483,696.5341322,-1.38%
23-03-2022,702.8795606,696.3839722,696.630755,0.89%
24-03-2022,681.0175057,682.7141113,683.0033536,-0.29%
25-03-2022,683.4897227,677.9151611,678.2193093,0.77%
28-03-2022,680.5812436,688.6764526,688.9471755,-1.23%
29-03-2022,692.5060358,693.4755249,693.7313415,-0.18%
30-03-2022,699.050046,708.5995483,708.8083887,-1.40%
31-03-2022,717.3248906,708.0177612,708.2284087,1.27%
01-04-2022,702.8795641,713.7863159,713.9790459,-1.58%
04-04-2022,719.3608697,723.8204956,723.9820587,-0.64%
05-04-2022,724.0143762,719.1669312,719.3429486,0.65%
06-04-2022,709.9567865,718.9730225,719.1496422,-1.29%
07-04-2022,714.6103975,725.7110596,725.8667505,-1.58%
08-04-2022,726.971406,731.2856445,731.4240204,-0.61%
11-04-2022,729.3466306,736.4238892,736.5463053,-0.99%
12-04-2022,733.9032131,740.5441895,740.6538077,-0.92%
13-04-2022,746.118763,738.993042,739.1074782,0.94%
18-04-2022,728.0863189,734.678833,734.8066694,-0.92%
19-04-2022,738.5567329,742.9194336,743.0216741,-0.60%
20-04-2022,743.4042502,732.4974976,732.6321093,1.45%
21-04-2022,735.8906637,739.0899658,739.2041009,-0.45%
22-04-2022,733.9031998,724.838501,724.9969021,1.21%
25-04-2022,724.8384707,729.2496338,729.3943336,-0.63%
26-04-2022,744.5675373,730.7523193,730.8923517,1.84%
27-04-2022,726.1472366,714.2225342,714.4139092,1.62%
28-04-2022,716.5492653,724.3536987,724.5136057,-1.11%
29-04-2022,727.2137297,720.6212158,720.7927161,0.88%
02-05-2022,709.6659563,718.3913574,718.5697838,-1.25%
04-05-2022,723.4327629,702.1524658,702.3813313,2.91%
05-05-2022,708.5025767,706.5635986,706.7787628,0.24%
06-05-2022,694.3965256,697.3049927,697.5489147,-0.45%
09-05-2022,683.7805453,688.6764526,688.9471755,-0.76%
10-05-2022,683.4897651,689.5975342,689.8653961,-0.93%
11-05-2022,696.0931654,692.4091187,692.6682476,0.49%
12-05-2022,685.9619303,674.5704346,674.8849717,1.61%
13-05-2022,680.9690964,656.6833496,657.0534452,3.51%
16-05-2022,656.0532417,662.1610107,662.5140923,-0.98%
17-05-2022,665.1663485,688.3371582,688.6089349,-3.52%
18-05-2022,690.6155117,685.7680664,686.0478229,0.66%
19-05-2022,671.9528388,669.2382813,669.5693804,0.35%
20-05-2022,673.6009765,687.9009399,688.1740716,-2.16%
23-05-2022,687.9009909,689.3552246,689.6238392,-0.25%
24-05-2022,689.3551227,686.5436401,686.8209877,0.37%
25-05-2022,690.324698,691.585022,691.8467106,-0.22%
26-05-2022,700.9405764,706.2727661,706.4888337,-0.79%
27-05-2022,711.1686599,717.2279663,717.4100063,-0.88%
30-05-2022,725.9049699,725.6625977,725.8184391,0.01%
31-05-2022,718.3914,729.8798218,730.0225642,-1.62%
01-06-2022,725.1777656,729.6859131,729.8292578,-0.64%
02-06-2022,728.1347747,726.8744507,727.026528,0.15%
03-06-2022,733.0791171,721.5906372,721.7591264,1.54%
06-06-2022,717.615801,723.9659424,724.1270537,-0.91%
07-06-2022,718.3914571,712.8168945,713.0126356,0.75%
08-06-2022,714.125597,707.2422485,707.4553048,0.93%
09-06-2022,702.8795266,710.3930664,710.596336,-1.10%
10-06-2022,702.6371774,698.0321045,698.2737681,0.62%
13-06-2022,680.8237032,667.0084839,667.3465089,1.98%
14-06-2022,661.5793853,664.5847778,664.9303311,-0.51%
15-06-2022,666.5237443,666.2813721,666.6216556,-0.01%
16-06-2022,678.642355,657.7983398,658.1649722,3.02%
17-06-2022,650.769489,665.8934937,666.2349819,-2.38%
20-06-2022,665.0695197,665.0210571,665.3652552,-0.04%
21-06-2022,669.480615,674.8612671,675.1749009,-0.85%
22-06-2022,673.0677376,665.651123,665.9933641,1.05%
23-06-2022,669.1413594,677.8182983,678.1227474,-1.34%
24-06-2022,689.2098215,691.6820068,691.9433943,-0.40%
27-06-2022,706.6120138,695.4628906,695.7125344,1.54%
28-06-2022,689.3551685,688.6280518,688.898925,0.07%
29-06-2022,683.4413596,681.3084717,681.60208,0.27%
30-06-2022,681.3084425,685.6226807,685.9028888,-0.67%
01-07-2022,681.987058,682.4233398,682.7134853,-0.11%
04-07-2022,683.3443206,698.1290283,698.3703909,-2.20%
05-07-2022,700.9890382,697.4989014,697.7422211,0.46%
06-07-2022,700.9405328,703.8005371,704.0242836,-0.44%
07-07-2022,713.4955643,719.3609619,719.5363766,-0.85%
08-07-2022,728.3771078,732.6428833,732.7770435,-0.60%
11-07-2022,731.964199,746.0217896,746.114394,-1.93%
12-07-2022,741.9983894,736.7147217,736.8362345,0.70%
13-07-2022,741.4167641,730.2191772,730.3608656,1.49%
14-07-2022,727.1167452,729.4435425,729.58764,-0.34%
15-07-2022,730.2676532,728.2802124,728.4279233,0.25%
18-07-2022,736.0845111,748.4454956,748.5305718,-1.69%
19-07-2022,744.373635,756.831604,756.8906324,-1.68%
20-07-2022,765.4116017,759.2068481,759.2584989,0.80%
21-07-2022,760.9520183,762.0184326,762.0613504,-0.15%
22-07-2022,765.0237322,775.6396484,775.6402578,-1.39%
25-07-2022,778.4996483,776.4637451,776.4617948,0.26%
26-07-2022,777.1423693,772.0040894,772.015991,0.66%
27-07-2022,770.7437383,776.0759277,776.075182,-0.69%
28-07-2022,782.3291721,789.7457275,789.7025225,-0.94%
29-07-2022,795.611157,793.6236572,793.5684071,0.26%
01-08-2022,795.6596505,798.2772827,798.2075781,-0.32%
02-08-2022,794.981033,792.7996826,792.7469918,0.28%
03-08-2022,792.7996358,799.6345215,799.5606012,-0.85%
04-08-2022,798.8589726,795.2233887,795.1631696,0.46%
05-08-2022,797.9864123,812.6257324,812.5114605,-1.82%
08-08-2022,815.9417489,816.2831421,816.15751,-0.03%
10-08-2022,821.3547462,827.791748,827.6303695,-0.76%
11-08-2022,838.8127081,838.4713745,838.2768243,0.06%
12-08-2022,842.6164412,852.8084106,852.5693287,-1.18%
16-08-2022,859.6842613,857.5385742,857.2848,0.28%
17-08-2022,860.0256734,861.4398804,861.1739885,-0.13%
18-08-2022,858.8064453,863.2440796,862.9725837,-0.49%
19-08-2022,863.1465607,848.9071045,848.6801402,1.68%
22-08-2022,844.1768924,831.2053223,831.0333409,1.56%
23-08-2022,824.4756967,842.567688,842.3604144,-2.17%
24-08-2022,835.8868569,851.7355957,851.499846,-1.87%
25-08-2022,851.7355134,850.80896,850.5760884,0.14%
26-08-2022,852.56463,849.3460693,849.1177416,0.40%
29-08-2022,829.0596623,834.7164307,834.5335436,-0.66%
30-08-2022,839.2516176,865.3898315,865.1116708,-3.08%
01-09-2022,841.6898728,852.7595825,852.5206522,-1.29%
02-09-2022,852.5157622,850.8577881,850.6247649,0.22%
05-09-2022,850.0287377,860.6596069,860.3961386,-1.22%
06-09-2022,860.7083903,861.8300171,861.5629134,-0.10%
07-09-2022,856.8559124,854.5639648,854.31943,0.30%
08-09-2022,863.6343252,876.605896,876.2928974,-1.47%
09-09-2022,887.6756784,878.9954224,878.6750018,1.01%
12-09-2022,882.7014673,884.7984009,884.4599559,-0.20%
13-09-2022,891.3817711,887.5292969,887.1823695,0.47%
14-09-2022,876.0694417,895.4292603,895.0577951,-2.17%
15-09-2022,897.2823497,894.9415894,894.5716389,0.30%
16-09-2022,892.308317,886.6514893,886.3072884,0.67%
19-09-2022,882.6040478,876.9960327,876.6818224,0.67%
20-09-2022,886.7489941,894.1125488,893.7451734,-0.79%
21-09-2022,889.4799107,892.6496582,892.2868266,-0.32%
22-09-2022,883.6280593,881.0922852,880.7653516,0.32%
23-09-2022,879.4342079,860.4644775,860.2016153,2.19%
26-09-2022,848.5170339,839.7880249,839.5893851,1.05%
27-09-2022,843.5916928,831.4978638,831.3249738,1.45%
28-09-2022,823.1590662,828.5232544,828.3596037,-0.63%
29-09-2022,836.813327,823.0615234,822.9148373,1.66%
30-09-2022,823.0615674,840.7145996,840.5130818,-2.12%
03-10-2022,838.4713807,827.4016113,827.2414446,1.34%
04-10-2022,843.6405104,846.2250977,846.0064639,-0.28%
06-10-2022,851.4916808,863.5855103,863.3129539,-1.39%
07-10-2022,855.5392121,860.7570801,860.493309,-0.58%
10-10-2022,850.4676253,859.9768677,859.71552,-1.09%
11-10-2022,861.4398291,849.1021729,848.8746027,1.46%
12-10-2022,846.5176278,846.9077148,846.6869608,-0.02%
13-10-2022,841.0559083,832.5219727,832.3459017,1.04%
14-10-2022,861.9761994,848.7608032,848.5342934,1.56%
17-10-2022,850.467672,863.3417358,863.0699367,-1.48%
18-10-2022,873.923761,874.7528076,874.4455649,-0.06%
19-10-2022,877.8249295,870.071228,869.7785266,0.92%
20-10-2022,867.7305423,866.7064819,866.4242316,0.15%
21-10-2022,866.0725435,884.7496948,884.4114011,-2.12%
24-10-2022,902.1588708,903.4267578,903.0304519,-0.10%
25-10-2022,918.787859,902.2076416,901.8151223,1.85%
27-10-2022,903.1829512,901.5737305,901.1831801,0.22%
28-10-2022,895.3317622,885.432373,885.0919589,1.14%
31-10-2022,890.0650749,886.2614136,885.9184243,0.47%
01-11-2022,898.2577095,886.1638794,885.8211931,1.38%
02-11-2022,897.8675125,882.3601685,882.0292967,1.76%
03-11-2022,878.8003388,886.2127075,885.8698696,-0.80%
04-11-2022,883.9206805,882.9453735,882.6126841,0.15%
07-11-2022,887.7731409,894.8441162,894.4744685,-0.75%
09-11-2022,897.282322,888.0169067,887.6684648,1.07%
10-11-2022,885.1397955,888.2120361,887.8629881,-0.31%
11-11-2022,903.0367146,884.1644897,883.8280137,2.13%
14-11-2022,882.6527132,872.8508911,872.5495559,1.14%
15-11-2022,878.3126211,889.1873169,888.8352396,-1.20%
16-11-2022,890.0163449,891.0404053,890.6825722,-0.07%
17-11-2022,890.4552658,897.0873413,896.710726,-0.70%
18-11-2022,897.0873114,897.6237183,897.2454369,-0.02%
21-11-2022,891.4792855,898.6478271,898.2663649,-0.76%
22-11-2022,900.9397447,900.8909912,900.5025615,0.05%
23-11-2022,904.1095009,904.5484009,904.148611,0.00%
24-11-2022,904.6458536,915.6668091,915.2324847,-1.17%
25-11-2022,917.081072,907.3280029,906.9195795,1.11%
28-11-2022,901.1836098,914.2527466,913.8228144,-1.40%
29-11-2022,910.4977027,923.3717651,922.9135087,-1.36%
30-11-2022,924.6397208,929.3699951,928.8931077,-0.46%
01-12-2022,932.393419,916.9835815,916.5451672,1.70%
02-12-2022,905.328658,907.6206055,907.2112731,-0.21%
05-12-2022,913.8625761,910.5465088,910.1280884,0.41%
06-12-2022,902.158952,899.8670044,899.4817553,0.30%
07-12-2022,899.2330136,899.3793335,898.9955991,0.03%
08-12-2022,902.1588476,908.8884888,908.4752183,-0.70%
09-12-2022,908.986048,906.9379272,906.5307154,0.27%
12-12-2022,902.2076417,907.3280029,906.9195795,-0.52%
13-12-2022,906.5477769,909.9125977,909.4961463,-0.33%
14-12-2022,912.8873211,898.9891968,898.6066742,1.56%
15-12-2022,893.3811082,886.3588867,886.0155947,0.82%
16-12-2022,883.1403807,879.7268066,879.4041143,0.42%
19-12-2022,885.5786694,884.0669556,883.7307825,0.21%
20-12-2022,883.6280469,887.2366943,886.8906758,-0.37%
21-12-2022,887.773177,870.2176514,869.9244951,2.01%
22-12-2022,878.2639152,868.6571655,868.3688563,1.13%
23-12-2022,861.2447536,857.1972656,856.9445516,0.50%
26-12-2022,859.3429154,871.144165,870.848131,-1.34%
27-12-2022,875.5329891,878.4101563,878.0915535,-0.29%
28-12-2022,873.8750298,876.7521973,876.4387443,-0.29%
29-12-2022,875.7281118,885.6274414,885.2864213,-1.09%
30-12-2022,886.0663021,868.8521118,868.563197,1.98%
02-01-2023,871.9243554,880.1657104,879.8416549,-0.91%
03-01-2023,876.3132337,879.0928345,878.7721113,-0.28%
04-01-2023,876.8009306,876.8984375,876.5845303,0.02%
05-01-2023,878.6540265,857.4411011,857.1876297,2.44%
06-01-2023,857.2460653,848.614563,848.3885074,1.03%
09-01-2023,852.6621018,851.7843018,851.5484007,0.13%
10-01-2023,853.7836758,840.0805664,839.881018,1.63%
11-01-2023,841.5923784,844.9083862,844.6938423,-0.37%
12-01-2023,844.1281641,839.3979492,839.200521,0.58%
13-01-2023,843.3479004,851.8818359,851.645632,-0.98%
16-01-2023,855.5880218,843.8843384,843.6729752,1.39%
17-01-2023,845.5424059,843.7868652,843.5758048,0.23%
18-01-2023,843.1040699,848.0293579,847.80512,-0.56%
19-01-2023,846.5663789,844.762085,844.5479954,0.24%
20-01-2023,851.930578,848.8583374,848.6315246,0.39%
23-01-2023,860.2207599,850.1751099,849.9442071,1.19%
24-01-2023,857.294756,849.2484741,849.0204495,0.97%
25-01-2023,851.7355795,834.1800537,833.9988327,2.08%
27-01-2023,818.4288114,797.020813,796.955011,2.62%
30-01-2023,780.2455103,803.1652222,803.0803353,-2.93%
31-01-2023,805.6035145,811.3578491,811.2475154,-0.70%
01-02-2023,822.6226544,827.0115356,826.8525805,-0.51%
02-02-2023,807.9442665,836.7158203,836.526723,-3.54%
03-02-2023,843.2991394,842.4700928,842.2631223,0.12%
06-02-2023,840.2269503,832.6195679,832.4431938,0.93%
07-02-2023,833.8873726,831.6929321,831.5194362,0.28%
08-02-2023,831.4491069,837.8861084,837.6933761,-0.75%
09-02-2023,837.3009954,839.5441895,839.346307,-0.24%
10-02-2023,834.4238418,832.7658081,832.5889798,0.22%
13-02-2023,832.3268692,829.6447754,829.4776412,0.34%
14-02-2023,832.8145815,843.9330444,843.7215299,-1.31%
15-02-2023,845.0058658,849.2971802,849.0690043,-0.48%
16-02-2023,854.3200856,847.9805908,847.7565044,0.77%
17-02-2023,846.1274788,841.3485107,841.145024,0.59%
20-02-2023,841.3485569,831.059021,830.8874941,1.24%
21-02-2023,833.302251,833.1071777,832.9292891,0.04%
22-02-2023,830.2300507,818.5263672,818.3937675,1.43%
23-02-2023,815.892983,819.0139771,818.8798628,-0.37%
24-02-2023,823.1103256,818.965271,818.8313081,0.52%
27-02-2023,812.9670699,835.2528687,835.0683154,-2.72%
28-02-2023,833.7899018,833.7410889,833.5612313,0.03%
01-03-2023,842.6651484,835.1552734,834.9710233,0.91%
02-03-2023,831.9368025,832.9121094,832.7348266,-0.10%
03-03-2023,835.5942341,847.1028442,846.8814841,-1.35%
06-03-2023,850.2237984,846.3225708,846.1036343,0.48%
08-03-2023,845.2498102,850.5651855,850.3330712,-0.60%
09-03-2023,845.7861058,834.8139038,834.630714,1.32%
10-03-2023,823.8417745,821.8424072,821.6995077,0.26%
13-03-2023,820.6720183,807.9442749,807.8445439,1.56%
14-03-2023,806.578815,809.8460693,809.7404313,-0.39%
15-03-2023,815.7954572,805.5059814,805.413824,1.27%
16-03-2023,809.2121269,803.5553589,803.4692602,0.71%
17-03-2023,811.2602752,815.6004028,815.4768914,-0.52%
20-03-2023,816.3318781,815.7954712,815.6713539,0.08%
21-03-2023,822.1837149,831.3516235,831.1791878,-1.09%
22-03-2023,836.4720246,838.9590454,838.7629805,-0.27%
23-03-2023,835.8380689,834.326355,834.1446795,0.20%
24-03-2023,831.4491304,831.3516235,831.1791878,0.03%
27-03-2023,833.8386491,827.742981,827.5817539,0.75%
28-03-2023,834.4237883,833.6435547,833.464,0.12%
29-03-2023,835.8867397,829.986145,829.8179505,0.73%
31-03-2023,840.6658284,855.5880127,855.3402971,-1.75%
03-04-2023,858.4651762,861.9762573,861.7086994,-0.38%
05-04-2023,864.7070835,862.7564697,862.4864884,0.26%
06-04-2023,860.2207031,853.3935547,853.1526552,0.82%
10-04-2023,858.3188466,847.0053101,846.7842529,1.34%
11-04-2023,852.125701,860.12323,859.8614277,-0.91%
12-04-2023,861.6349262,868.1694946,867.8827001,-0.73%
13-04-2023,869.095955,876.8009033,876.4872991,-0.85%
17-04-2023,894.6490394,879.0441284,878.7235565,1.78%
18-04-2023,885.5299219,874.7039795,874.3968884,1.26%
19-04-2023,873.7775095,869.8762817,869.5841858,0.48%
20-04-2023,870.2175805,872.3145142,872.0148449,-0.21%
21-04-2023,872.4607743,863.7805786,863.5074164,1.03%
24-04-2023,882.6527012,882.4088745,882.0778515,0.07%
25-04-2023,883.9206358,890.894104,890.5367253,-0.75%
26-04-2023,888.9434815,892.3570557,891.995133,-0.34%
27-04-2023,887.0415927,895.6730347,895.3008123,-0.93%
28-04-2023,892.5033372,894.9904175,894.6203154,-0.24%
02-05-2023,901.1836124,899.3305054,898.9469227,0.25%
03-05-2023,896.8434498,900.0619507,899.6760961,-0.32%
04-05-2023,897.282335,898.9403687,898.5579977,-0.14%
05-05-2023,902.1588696,904.06073,903.6624549,-0.17%
08-05-2023,904.1094875,914.7403564,914.3089097,-1.13%
09-05-2023,917.7637839,911.3267822,910.9059383,0.75%
10-05-2023,911.5218282,912.9360352,912.5101928,-0.11%
11-05-2023,916.8372268,916.0082397,915.5728549,0.14%
12-05-2023,916.5446766,920.5922241,920.1426011,-0.39%
15-05-2023,920.4458706,922.3964844,921.9412572,-0.16%
16-05-2023,926.5415836,922.9816895,922.5246446,0.43%
17-05-2023,923.9081815,916.15448,915.7186409,0.89%
18-05-2023,924.5422588,923.1280518,922.6705523,0.20%
19-05-2023,927.9558116,930.7354126,930.2542841,-0.25%
22-05-2023,927.5656003,926.8828735,926.4137113,0.12%
23-05-2023,928.4922125,929.857666,929.3792639,-0.10%
24-05-2023,923.3231418,917.4225464,916.9827686,0.69%
25-05-2023,913.8626109,916.6422119,916.2048579,-0.26%
26-05-2023,916.5933746,927.2242432,926.7540206,-1.11%
29-05-2023,930.2965067,924.7373047,924.2748068,0.65%
30-05-2023,922.0063504,926.4927979,926.0248472,-0.44%
31-05-2023,926.0539191,925.7125854,925.2470582,0.09%
01-06-2023,930.686647,912.9848022,912.5588084,1.95%
02-06-2023,919.7144065,914.9841919,914.5519878,0.56%
05-06-2023,919.7143644,923.3717651,922.9135087,-0.35%
06-06-2023,923.1279831,918.8366089,918.3924389,0.51%
07-06-2023,921.0310696,916.9835815,916.5451672,0.49%
08-06-2023,913.4724099,914.7403564,914.3089097,-0.09%
09-06-2023,918.1539717,914.8866577,914.4547566,0.40%
12-06-2023,914.8378682,912.838501,912.4129615,0.27%
13-06-2023,912.7897921,920.2508545,919.8022918,-0.77%
14-06-2023,922.6891132,916.5934448,916.1562423,0.71%
15-06-2023,917.4712235,903.7193604,903.3221456,1.54%
16-06-2023,906.3526863,911.1317139,910.7114758,-0.48%
19-06-2023,910.4490171,900.3546143,899.9678506,1.15%
20-06-2023,898.2089245,902.6953125,902.3012785,-0.46%
21-06-2023,905.084834,901.866333,901.4748738,0.40%
22-06-2023,901.5736794,902.8903198,902.4956801,-0.10%
23-06-2023,903.1830047,900.6959839,900.3081599,0.32%
26-06-2023,904.2070077,904.5484009,904.148611,0.01%
27-06-2023,907.0354537,912.9848022,912.5588084,-0.61%
28-06-2023,920.6897008,914.3014526,913.8713692,0.74%
30-06-2023,917.276124,911.5217896,911.1003399,0.67%
03-07-2023,913.8625713,919.2755127,918.8299795,-0.54%
04-07-2023,923.8594572,921.3724365,920.9203901,0.32%
05-07-2023,918.7878975,934.3440552,933.851718,-1.64%
06-07-2023,931.1255183,935.7094727,935.2128944,-0.44%
07-07-2023,929.4675196,923.0305176,922.573321,0.74%
10-07-2023,922.6403796,924.9811401,924.5178848,-0.20%
11-07-2023,924.9810927,921.616272,921.1634682,0.41%
12-07-2023,924.9811228,921.079895,920.6287572,0.47%
13-07-2023,924.2983748,932.1008301,931.6154605,-0.79%
14-07-2023,936.0508036,936.3433838,935.8448366,0.02%
17-07-2023,939.1230172,944.7797852,944.2550339,-0.55%
18-07-2023,953.8501188,951.3630981,950.8178987,0.32%
19-07-2023,955.8007851,949.4125366,948.8733958,0.72%
20-07-2023,951.9483252,971.015564,970.4093227,-1.94%
21-07-2023,970.7229478,972.3809814,971.7704991,-0.11%
24-07-2023,980.134692,967.5044556,966.90912,1.35%
25-07-2023,974.331564,970.1377563,969.5342416,0.49%
26-07-2023,968.5772906,971.8446045,971.2357881,-0.27%
27-07-2023,977.7939316,965.7976685,965.2076343,1.29%
28-07-2023,963.6032404,971.600769,970.9927101,-0.77%
31-07-2023,971.4057317,973.6489258,973.0345051,-0.17%
01-08-2023,976.9161697,969.9914551,969.3883947,0.77%
02-08-2023,960.921068,962.5791016,961.9990645,-0.11%
03-08-2023,952.4359252,941.1711426,940.6576,1.24%
04-08-2023,944.7310454,946.5353394,946.0051353,-0.13%
07-08-2023,946.9742731,951.5582275,951.012422,-0.43%
08-08-2023,959.5235426,963.6045532,963.021331,-0.36%
09-08-2023,966.6285006,964.3977051,963.8120193,0.29%
10-08-2023,963.2575179,955.8710938,955.3118922,0.82%
11-08-2023,955.1771029,944.7171021,944.1925455,1.15%
14-08-2023,940.899984,951.3599243,950.8147347,-1.05%
16-08-2023,946.3034471,948.3359375,947.8001406,-0.16%
17-08-2023,948.7821556,943.5274048,943.0065435,0.61%
18-08-2023,939.8093609,942.5358887,942.0181071,-0.24%
21-08-2023,942.5854671,947.0470581,946.5152646,-0.42%
22-08-2023,948.2368585,943.8743896,943.3524506,0.52%
23-08-2023,945.8572984,958.5975952,958.029925,-1.29%
24-08-2023,964.1993749,960.6796875,960.1055501,0.42%
25-08-2023,954.7309465,962.1173706,961.5387677,-0.71%
28-08-2023,961.6711976,962.2660522,961.6869875,0.00%
29-08-2023,964.992546,959.4899292,958.9194873,0.63%
30-08-2023,962.1669202,950.7155151,950.1723271,1.25%
31-08-2023,951.8061033,950.5667725,950.0240465,0.19%
01-09-2023,948.7325529,960.4318237,959.8584562,-1.17%
04-09-2023,960.4318364,959.0933228,958.5241127,0.20%
05-09-2023,955.871053,960.1343994,959.5619557,-0.39%
06-09-2023,954.3343383,949.3274536,948.788577,0.58%
07-09-2023,949.2283143,957.4078979,956.843923,-0.80%
08-09-2023,959.242097,962.2660522,961.6869875,-0.25%
11-09-2023,966.6285082,969.9003296,969.2975523,-0.28%
12-09-2023,981.6491663,982.0457764,981.4052745,0.02%
13-09-2023,981.3517456,981.3517456,980.7133994,0.07%
14-09-2023,983.8303665,979.2696533,978.6377743,0.53%
15-09-2023,981.8970139,983.979126,983.332619,-0.15%
18-09-2023,981.6491693,981.7483521,981.108774,0.06%
20-09-2023,973.1721268,978.7243652,978.0941799,-0.51%
21-09-2023,971.5858305,951.1120605,950.5676409,2.16%
22-09-2023,948.3359357,942.1888428,941.6721392,0.70%
25-09-2023,942.1888458,948.1871948,947.65186,-0.58%
26-09-2023,950.7650519,940.6025391,940.0907627,1.12%
27-09-2023,938.222992,935.050293,934.5557622,0.39%
28-09-2023,937.4298372,934.5545654,934.0615744,0.36%
29-09-2023,938.61964,943.7752686,943.2536374,-0.49%
03-10-2023,943.4777698,932.274231,931.7883228,1.24%
04-10-2023,927.0194565,922.1116943,921.6573517,0.58%
05-10-2023,927.2177799,932.819519,932.3319172,-0.55%
06-10-2023,937.9256059,937.1324463,936.6314482,0.14%
09-10-2023,932.2246861,930.5887451,930.1080722,0.23%
10-10-2023,932.3734311,943.0812378,942.5617624,-1.09%
11-10-2023,946.7496507,944.9649658,944.4396394,0.24%
12-10-2023,944.7170888,946.1051636,945.5762956,-0.09%
13-10-2023,941.8419057,943.1803589,942.6605756,-0.09%
16-10-2023,940.4042692,943.279541,942.7594497,-0.25%
17-10-2023,947.2453757,945.7581787,945.2303885,0.21%
18-10-2023,941.0982576,935.6947632,935.1982307,0.63%
19-10-2023,928.0109277,927.7630615,927.2911654,0.08%
20-10-2023,924.0450978,924.7886963,924.3260387,-0.03%
23-10-2023,933.9597103,922.0125732,921.5585385,1.33%
25-10-2023,918.1458473,908.2807617,907.8693789,1.12%
26-10-2023,906.4961483,900.8944092,900.5059689,0.66%
27-10-2023,908.1816719,904.9594116,904.5583451,0.40%
30-10-2023,901.3404864,917.0056763,916.5671933,-1.69%
31-10-2023,921.3681148,907.5371704,907.1280972,1.55%
01-11-2023,906.0004248,906.248291,905.8432212,0.02%
02-11-2023,912.1970837,912.0979614,911.6747221,0.06%
03-11-2023,920.6245223,925.8297119,925.3638209,-0.51%
06-11-2023,932.9682801,937.3803101,936.8785421,-0.42%
07-11-2023,935.5460384,940.0076294,939.4977008,-0.42%
08-11-2023,940.3546749,927.7630615,927.2911654,1.39%
09-11-2023,926.0279829,929.3493652,928.8725419,-0.31%
10-11-2023,926.9203741,930.5887451,930.1080722,-0.34%
13-11-2023,932.8691414,926.4741821,926.0062893,0.74%
15-11-2023,936.3392647,933.0673828,932.5790111,0.40%
16-11-2023,930.9853193,928.0109253,927.5382593,0.37%
17-11-2023,918.6415855,913.9816895,913.5525992,0.55%
20-11-2023,914.1304375,913.585144,913.1572855,0.11%
21-11-2023,916.509993,918.1954346,917.7532561,-0.14%
22-11-2023,915.3697558,914.8740234,914.4421615,0.10%
23-11-2023,915.1218872,915.1218872,914.6892554,0.05%
24-11-2023,913.6346901,921.4672852,921.0149441,-0.81%
28-11-2023,920.9715901,917.6005859,917.1602551,0.41%
29-11-2023,922.9545058,931.5802002,931.0964478,-0.88%
30-11-2023,930.9357684,926.9699097,926.5004771,0.48%
01-12-2023,927.9613835,938.6196289,938.1140115,-1.09%
04-12-2023,955.4745283,982.7398071,982.0971495,-2.79%
05-12-2023,993.9433157,1004.799866,1004.088688,-1.02%
06-12-2023,1005.345196,994.6869507,994.0071845,1.13%
07-12-2023,987.8458,990.4732056,989.8065275,-0.20%
08-12-2023,986.0116226,1002.222046,1001.518875,-1.57%
11-12-2023,998.5040544,1008.418701,1007.696283,-0.92%
12-12-2023,1008.418715,1007.030701,1006.312594,0.21%
13-12-2023,1006.138315,1005.246033,1004.533469,0.16%
14-12-2023,1013.524793,1024.827515,1024.05413,-1.04%
15-12-2023,1034.742187,1028.545532,1027.760599,0.67%
18-12-2023,1021.159018,1012.731628,1011.995814,0.90%
19-12-2023,1016.747045,1006.782837,1006.0655,1.05%
20-12-2023,1013.276881,998.0579224,997.3676857,1.57%
21-12-2023,988.0441144,995.8271484,995.1438407,-0.72%
22-12-2023,994.3894869,985.8132935,985.1610894,0.93%
26-12-2023,986.4082008,986.6064453,985.9517777,0.05%
27-12-2023,989.4322095,993.6954956,993.0188089,-0.36%
28-12-2023,999.3963826,997.3143311,996.626404,0.28%
29-12-2023,995.480113,988.093689,987.4344019,0.81%
01-01-2024,983.0867781,990.869812,990.2019021,-0.72%
02-01-2024,988.4902535,973.8661499,973.2510545,1.54%
03-01-2024,976.2952941,975.6508179,975.0301792,0.13%
04-01-2024,977.9807667,978.7243652,978.0941799,-0.01%
05-01-2024,979.5670842,985.2184448,984.5680884,-0.51%
08-01-2024,985.5158619,973.6182861,973.0039606,1.27%
09-01-2024,977.8320326,971.3875122,970.7801156,0.72%
10-01-2024,965.9840121,984.5739746,983.92562,-1.86%
11-01-2024,986.8047887,982.6902466,982.0477429,0.48%
12-01-2024,986.3090596,994.9348145,994.2542784,-0.81%
15-01-2024,994.9348143,1001.230591,1000.5305,-0.56%
16-01-2024,997.512606,1000.437439,999.7398113,-0.22%
17-01-2024,979.4679542,973.3704224,972.7568667,0.69%
18-01-2024,965.6370268,977.9311523,977.3034308,-1.21%
19-01-2024,982.8389137,990.6715088,990.0042148,-0.73%
23-01-2024,1050.060226,1020.266785,1019.507566,2.91%
24-01-2024,1020.663254,990.6715088,990.0042148,3.00%
25-01-2024,989.8783679,1001.329773,1000.629374,-1.09%
29-01-2024,1011.29398,1007.724731,1007.004469,0.42%
30-01-2024,1006.287091,1008.220459,1007.498657,-0.12%
31-01-2024,1008.12129,1019.374451,1018.618003,-1.04%
01-02-2024,1025.124841,1016.400024,1015.652816,0.92%
02-02-2024,1028.24799,1015.259827,1014.51616,1.34%
05-02-2024,1013.772634,1014.764099,1014.021972,-0.02%
06-02-2024,1014.813633,1017.639343,1016.888285,-0.20%
07-02-2024,1019.225703,1013.425659,1012.687689,0.64%
08-02-2024,1015.358978,980.8560181,980.2192117,3.46%
09-02-2024,980.4098247,1002.073364,1001.370655,-2.14%
12-02-2024,1001.775955,987.5979614,986.9402141,1.48%
13-02-2024,997.413442,1011.095642,1010.364909,-1.30%
14-02-2024,1000.933162,1013.970947,1013.231284,-1.23%
15-02-2024,1014.119628,1007.972595,1007.251563,0.68%
16-02-2024,1014.466674,1014.516235,1013.774878,0.07%
19-02-2024,1014.615404,1034.841309,1034.03682,-1.91%
20-02-2024,1032.164354,1039.798584,1038.978698,-0.66%
21-02-2024,1047.779892,1042.971191,1042.141451,0.54%
22-02-2024,1046.986751,1053.629517,1052.766671,-0.55%
23-02-2024,1060.867149,1052.241455,1051.382921,0.89%
26-02-2024,1044.111439,1045.202026,1044.365357,-0.02%
27-02-2024,1041.781464,1051.150757,1050.29561,-0.82%
28-02-2024,1053.926918,1037.270264,1036.458231,1.66%
29-02-2024,1034.147311,1043.219116,1042.388606,-0.80%
01-03-2024,1045.995179,1077.622925,1076.685554,-2.93%
04-03-2024,1071.773268,1083.026367,1082.072213,-0.96%
05-03-2024,1076.928877,1078.763184,1077.822271,-0.08%
06-03-2024,1071.079306,1087.73584,1086.767058,-1.46%
07-03-2024,1085.604193,1078.66394,1077.723336,0.73%
11-03-2024,1078.663968,1069.49292,1068.580801,0.93%
12-03-2024,1067.857057,1067.658691,1066.75227,0.10%
13-03-2024,1067.956233,1074.69812,1073.769834,-0.54%
14-03-2024,1070.781826,1074.351074,1073.423866,-0.25%
15-03-2024,1062.850079,1071.128784,1070.211585,-0.69%
18-03-2024,1065.874147,1071.971558,1071.05174,-0.49%
19-03-2024,1069.245064,1074.69812,1073.769834,-0.42%
20-03-2024,1070.781817,1075.243408,1074.313428,-0.33%
21-03-2024,1082.67942,1072.566528,1071.644863,1.02%
22-03-2024,1071.922092,1080.994019,1080.046177,-0.76%
26-03-2024,1071.773289,1074.450195,1073.522679,-0.16%
27-03-2024,1074.450256,1074.499878,1073.572207,0.08%
28-03-2024,1075.739179,1083.968384,1083.011303,-0.68%
01-04-2024,1086.694912,1090.26416,1089.287525,-0.24%
02-04-2024,1085.108465,1071.971558,1071.05174,1.30%
03-04-2024,1065.824563,1068.005737,1067.098238,-0.12%
04-04-2024,1075.491267,1069.641602,1068.729021,0.63%
05-04-2024,1060.867181,1074.152832,1073.226239,-1.16%
08-04-2024,1069.145912,1077.87085,1076.932709,-0.73%
09-04-2024,1082.62986,1097.601074,1096.60165,-1.29%
10-04-2024,1101.467606,1099.930908,1098.924247,0.23%
12-04-2024,1094.08129,1094.973633,1093.982369,0.01%
15-04-2024,1090.809352,1069.145874,1068.234833,2.07%
16-04-2024,1061.412509,1057.942383,1057.066141,0.41%
18-04-2024,1064.833001,1046.441284,1045.600766,1.81%
19-04-2024,1043.962632,1058.140625,1057.263767,-1.27%
22-04-2024,1069.592149,1077.375122,1076.438521,-0.64%
23-04-2024,1090.611116,1080.944336,1079.996649,0.97%
24-04-2024,1082.927325,1087.388916,1086.421211,-0.32%
25-04-2024,1080.696489,1104.243774,1103.223717,-2.08%
26-04-2024,1102.65745,1098.443726,1097.441684,0.47%
29-04-2024,1098.542894,1150.247803,1149.084854,-4.60%
30-04-2024,1150.049347,1140.580933,1139.44801,0.92%
02-05-2024,1133.244113,1129.724365,1128.625164,0.41%
03-05-2024,1131.558648,1132.302246,1131.195038,0.03%
06-05-2024,1131.806534,1136.515991,1135.395695,-0.32%
07-05-2024,1138.151827,1122.238892,1121.162941,1.49%
08-05-2024,1116.934543,1113.414795,1112.366252,0.41%
09-05-2024,1110.985825,1106.177124,1105.151062,0.53%
10-05-2024,1108.457468,1107.515625,1106.485405,0.18%
13-05-2024,1102.905367,1118.372192,1117.308252,-1.31%
14-05-2024,1116.290152,1110.98584,1109.944841,0.57%
15-05-2024,1112.5225,1114.753296,1113.700596,-0.11%
16-05-2024,1123.329426,1121.396118,1120.322785,0.27%
17-05-2024,1121.396184,1120.85083,1119.77919,0.14%
21-05-2024,1112.621655,1111.382324,1110.340094,0.21%
22-05-2024,1115.397716,1101.616333,1100.604437,1.33%
23-05-2024,1106.028444,1124.81665,1123.732693,-1.60%
24-05-2024,1120.355022,1122.28833,1121.212225,-0.08%
27-05-2024,1122.238912,1120.15686,1119.087376,0.28%
28-05-2024,1122.833732,1117.331055,1116.270348,0.58%
29-05-2024,1105.532779,1092.594116,1091.610244,1.26%
30-05-2024,1087.636801,1104.194214,1103.174311,-1.43%
31-05-2024,1108.457552,1111.481567,1110.439029,-0.18%
03-06-2024,1160.013646,1150.098999,1148.936513,0.95%
04-06-2024,1148.017006,1062.30481,1061.415018,7.54%
05-06-2024,1075.739213,1099.187378,1098.183026,-2.09%
06-06-2024,1108.45747,1100.922363,1099.912623,0.77%
07-06-2024,1100.922377,1112.125854,1111.081315,-0.92%
10-06-2024,1106.474535,1114.208008,1113.157001,-0.60%
11-06-2024,1110.19258,1108.655762,1107.622001,0.23%
12-06-2024,1111.43196,1109.994385,1108.956466,0.22%
13-06-2024,1112.621664,1097.898438,1096.89809,1.41%
14-06-2024,1104.491596,1096.212891,1095.217778,0.84%
18-06-2024,1104.442053,1113.266113,1112.218032,-0.70%
19-06-2024,1118.322474,1134.681641,1133.567042,-1.36%
20-06-2024,1144.199864,1146.926392,1145.773759,-0.14%
21-06-2024,1153.618821,1148.76062,1147.602291,0.52%
24-06-2024,1144.794712,1160.112793,1158.919203,-1.23%
25-06-2024,1160.261574,1187.725098,1186.445742,-2.26%
26-06-2024,1191.740569,1207.604004,1206.262903,-1.22%
27-06-2024,1217.865621,1209.487793,1208.140841,0.80%
28-06-2024,1216.527117,1189.360962,1188.076525,2.34%
01-07-2024,1189.361027,1201.50647,1200.184308,-0.91%
02-07-2024,1206.612559,1180.437866,1179.181145,2.27%
03-07-2024,1186.634415,1191.343872,1190.053276,-0.29%
04-07-2024,1218.510093,1222.475952,1221.088658,-0.21%
05-07-2024,1214.544231,1222.872559,1221.484033,-0.57%
08-07-2024,1218.411013,1224.508545,1223.114937,-0.39%
09-07-2024,1224.409296,1237.595825,1236.161568,-0.96%
10-07-2024,1242.057403,1232.588867,1231.170162,0.88%
11-07-2024,1235.71199,1227.879395,1226.475317,0.75%
12-07-2024,1225.351225,1222.376831,1220.989845,0.36%
15-07-2024,1222.575042,1219.451904,1218.074003,0.37%
16-07-2024,1219.501493,1229.317017,1227.908474,-0.69%
18-07-2024,1224.359716,1239.628296,1238.187725,-1.13%
19-07-2024,1233.382097,1237.992432,1236.556942,-0.26%
22-07-2024,1229.416188,1230.556396,1229.144004,0.02%
23-07-2024,1230.556412,1216.279297,1214.91125,1.27%
24-07-2024,1214.544209,1212.561279,1211.204781,0.27%
25-07-2024,1195.210644,1187.675537,1186.396335,0.74%
26-07-2024,1179.842974,1196.896118,1195.588277,-1.33%
29-07-2024,1204.778282,1202.349121,1201.024342,0.31%
30-07-2024,1202.646701,1199.126953,1197.812183,0.40%
31-07-2024,1208.595499,1204.530518,1203.198963,0.45%
01-08-2024,1202.150902,1199.771362,1198.45459,0.31%
02-08-2024,1186.783269,1186.337158,1185.062114,0.15%
05-08-2024,1171.911223,1162.591431,1161.390142,0.90%
06-08-2024,1164.970964,1156.890503,1155.706922,0.80%
07-08-2024,1168.88727,1162.442749,1161.241922,0.65%
08-08-2024,1156.989708,1154.65979,1153.483137,0.30%
09-08-2024,1166.507798,1161.599976,1160.401766,0.52%
12-08-2024,1171,1172.800049,1171.567051,-0.05%
13-08-2024,1183.199951,1168.349976,1167.1308,1.36%
14-08-2024,1167,1161.650024,1160.45166,0.56%
16-08-2024,1170,1187.25,1185.97212,-1.37%
19-08-2024,1191,1175.900024,1174.657398,1.37%
20-08-2024,1174.199951,1179.449951,1178.196299,-0.34%
21-08-2024,1177,1174.849976,1173.610611,0.29%
22-08-2024,1182,1191.099976,1189.810137,-0.66%
23-08-2024,1193,1203.5,1202.171646,-0.77%
26-08-2024,1205.550049,1213.300049,1211.941256,-0.53%
27-08-2024,1213.300049,1226.349976,1224.950649,-0.96%
28-08-2024,1222.650024,1223.849976,1222.458414,0.02%
29-08-2024,1218.949951,1221.900024,1220.514519,-0.13%
30-08-2024,1230,1229.199951,1227.791772,0.18%
02-09-2024,1239,1229.949951,1228.539442,0.84%
03-09-2024,1227.199951,1247.699951,1246.23431,-1.55%
04-09-2024,1239.849976,1236.349976,1234.919588,0.40%
05-09-2024,1238,1235.949951,1234.520806,0.28%
06-09-2024,1225.949951,1208.150024,1206.807228,1.56%
09-09-2024,1202.900024,1235,1233.573805,-2.55%
10-09-2024,1236.949951,1237.300049,1235.86671,0.09%
11-09-2024,1231.5,1236.349976,1234.919588,-0.28%
12-09-2024,1238,1252.150024,1250.670561,-1.02%
13-09-2024,1252,1250.349976,1248.876103,0.25%
16-09-2024,1251,1262.849976,1261.337277,-0.83%
17-09-2024,1259.949951,1268.099976,1266.57097,-0.53%
18-09-2024,1262,1288.349976,1286.758072,-1.96%
19-09-2024,1288.349976,1292,1290.39676,-0.16%
20-09-2024,1295,1338.449951,1336.702434,-3.22%
23-09-2024,1331,1321.900024,1320.203912,0.81%
24-09-2024,1321,1318.599976,1316.914114,0.31%
25-09-2024,1310.75,1323.849976,1322.147807,-0.87%
26-09-2024,1320,1329.050049,1327.331728,-0.56%
27-09-2024,1333,1306.599976,1304.951387,2.10%
30-09-2024,1292.099976,1273,1271.455775,1.60%
01-10-2024,1269.800049,1274.400024,1272.851451,-0.24%
03-10-2024,1253.599976,1256.349976,1254.857467,-0.10%
04-10-2024,1247.099976,1239.75,1238.309052,0.70%
07-10-2024,1241.550049,1233.900024,1232.477246,0.73%
08-10-2024,1241,1236.599976,1235.168811,0.47%
09-10-2024,1243.050049,1244.150024,1242.695409,0.03%
10-10-2024,1246.75,1243.5,1242.047404,0.38%
11-10-2024,1237,1223,1221.611078,1.24%
14-10-2024,1221,1231.75,1230.3339,-0.76%
15-10-2024,1238.949951,1255.5,1254.010131,-1.22%
16-10-2024,1248.5,1243.150024,1241.698515,0.54%
17-10-2024,1249.449951,1231.25,1229.835453,1.57%
18-10-2024,1227.949951,1264.5,1262.982176,-2.85%
21-10-2024,1264.5,1259.050049,1257.549153,0.55%
22-10-2024,1266.599976,1267.5,1265.972858,0.05%
23-10-2024,1261,1251.599976,1250.12222,0.86%
24-10-2024,1250.25,1252.75,1251.268673,-0.08%
25-10-2024,1247.25,1255.449951,1253.960238,-0.54%
28-10-2024,1285.5,1292.849976,1291.244095,-0.45%
29-10-2024,1301.349976,1331.849976,1330.122958,-2.21%
30-10-2024,1324,1312.150024,1310.484197,1.02%
31-10-2024,1307.25,1292.25,1290.645983,1.27%
01-11-2024,1289.949951,1291.800049,1290.197429,-0.02%
04-11-2024,1290.099976,1277.199951,1275.642681,1.12%
05-11-2024,1273,1296.699951,1295.082112,-1.73%
06-11-2024,1300.25,1302.349976,1300.714587,-0.04%
07-11-2024,1297.150024,1278.699951,1277.138022,1.54%
08-11-2024,1270,1258.849976,1257.349701,1.00%
11-11-2024,1262,1269.300049,1267.767316,-0.46%
12-11-2024,1276.150024,1270.599976,1269.063205,0.56%
13-11-2024,1270.599976,1253.699951,1252.215673,1.45%
14-11-2024,1253.75,1256.949951,1255.455579,-0.14%
18-11-2024,1260,1253.449951,1251.96645,0.64%
19-11-2024,1257.050049,1249.099976,1247.629985,0.75%
21-11-2024,1248.550049,1250.550049,1249.075555,-0.04%
22-11-2024,1258,1278.050049,1276.490138,-1.47%
25-11-2024,1296,1300.949951,1299.318912,-0.26%
26-11-2024,1310.599976,1304.949951,1303.306487,0.56%
27-11-2024,1298.5,1300.699951,1299.069688,-0.04%
28-11-2024,1301.050049,1286.349976,1284.764285,1.25%
29-11-2024,1283.099976,1300.099976,1298.471576,-1.20%
02-12-2024,1299.900024,1304.650024,1303.007492,-0.24%
03-12-2024,1303.949951,1308.400024,1306.745844,-0.21%
04-12-2024,1302.599976,1316.050049,1314.372107,-0.90%
05-12-2024,1316.25,1336.5,1334.75854,-1.41%
06-12-2024,1342.5,1328.75,1327.032612,1.15%
09-12-2024,1322.099976,1322.300049,1320.602694,0.11%
10-12-2024,1319,1330.449951,1328.727283,-0.74%
11-12-2024,1324.699951,1327.5,1325.786494,-0.08%
12-12-2024,1321.550049,1329.25,1327.531059,-0.45%
13-12-2024,1325.349976,1344.900024,1343.132473,-1.34%
16-12-2024,1344.900024,1346.099976,1344.328697,0.04%
17-12-2024,1342,1333.75,1332.017081,0.74%
18-12-2024,1325.25,1314.150024,1312.477985,0.96%
19-12-2024,1286,1286.900024,1285.312625,0.05%
20-12-2024,1283.949951,1288.400024,1286.807966,-0.22%
23-12-2024,1294.650024,1296.800049,1295.181899,-0.04%
24-12-2024,1296.800049,1297.25,1295.630453,0.09%
26-12-2024,1307,1297.349976,1295.730118,0.86%
27-12-2024,1298.550049,1307.550049,1305.898509,-0.57%
30-12-2024,1304.949951,1294.650024,1293.038553,0.91%
31-12-2024,1286.900024,1281.650024,1280.078932,0.53%
01-01-2025,1281.650024,1283.650024,1282.07272,-0.03%
02-01-2025,1285.099976,1290.599976,1289.001084,-0.30%
03-01-2025,1286.199951,1265.050049,1263.530517,1.76%
06-01-2025,1268.050049,1264.099976,1262.583394,0.43%
07-01-2025,1266.5,1279.25,1277.686362,-0.88%
08-01-2025,1280.550049,1263.75,1262.234506,1.43%
09-01-2025,1258,1262.400024,1260.888723,-0.23%
10-01-2025,1259,1249.849976,1248.377656,0.84%
13-01-2025,1234.900024,1229.75,1228.340112,0.53%
14-01-2025,1233.349976,1240.300049,1238.857392,-0.45%
15-01-2025,1234,1238.25,1236.813711,-0.23%
16-01-2025,1245.099976,1249.099976,1247.629985,-0.20%
17-01-2025,1243.349976,1225.449951,1224.05342,1.55%
20-01-2025,1223.900024,1232.949951,1231.530124,-0.62%
21-01-2025,1236.949951,1196.150024,1194.8445,3.40%
22-01-2025,1201,1200.449951,1199.131071,0.16%
23-01-2025,1197.25,1201.75,1200.427082,-0.27%
24-01-2025,1203.099976,1209.199951,1207.853893,-0.40%
27-01-2025,1195,1227.949951,1226.545654,-2.64%
28-01-2025,1247.349976,1246.900024,1245.436868,0.15%
29-01-2025,1252,1251.650024,1250.172114,0.15%
30-01-2025,1250,1255.599976,1254.109796,-0.33%
31-01-2025,1254.5,1252.800049,1251.318566,0.25%
01-02-2025,1251.150024,1255.550049,1254.060024,-0.23%
03-02-2025,1246.849976,1253,1251.517896,-0.37%
04-02-2025,1262.800049,1268.199951,1266.670635,-0.31%
05-02-2025,1270.199951,1267.699951,1266.172188,0.32%
06-02-2025,1275,1272.400024,1270.857663,0.32%
07-02-2025,1272,1256.900024,1255.405807,1.30%
10-02-2025,1257.199951,1262.599976,1261.088054,-0.31%
11-02-2025,1255.849976,1252.75,1251.268673,0.36%
12-02-2025,1257.199951,1251.800049,1250.321672,0.55%
13-02-2025,1252.550049,1248.900024,1247.430655,0.41%
14-02-2025,1252.099976,1260.099976,1258.596525,-0.52%
17-02-2025,1251.150024,1251.150024,1249.673585,0.12%
18-02-2025,1252.900024,1243.050049,1241.598056,0.90%
19-02-2025,,,1245.303444,
20-02-2025,,,1247.192429,
21-02-2025,,,1246.197034,
24-02-2025,,,1249.264392,
25-02-2025,,,1252.208392,
26-02-2025,,,1242.155392,
27-02-2025,,,1243.546392,
